test,age_int,n,ri_source,fp_rate
Fibrinogen,1,208,Manufacturer,18.75
Fibrinogen,1,208,refineR,18.75
Fibrinogen,1,208,Continuous (GAMLSS),18.269230769230766
Fibrinogen,1,208,Guven et al.,NA
Fibrinogen,1,208,Direct (a posteriori),25
Fibrinogen,2,167,Manufacturer,16.766467065868262
Fibrinogen,2,167,refineR,18.562874251497004
Fibrinogen,2,167,Continuous (GAMLSS),16.766467065868262
Fibrinogen,2,167,Guven et al.,NA
Fibrinogen,2,167,Direct (a posteriori),25.748502994011975
Fibrinogen,3,138,Manufacturer,16.666666666666664
Fibrinogen,3,138,refineR,19.565217391304348
Fibrinogen,3,138,Continuous (GAMLSS),18.84057971014493
Fibrinogen,3,138,Guven et al.,NA
Fibrinogen,3,138,Direct (a posteriori),22.463768115942027
Fibrinogen,4,148,Manufacturer,14.864864864864865
Fibrinogen,4,148,refineR,22.972972972972975
Fibrinogen,4,148,Continuous (GAMLSS),22.2972972972973
Fibrinogen,4,148,Guven et al.,NA
Fibrinogen,4,148,Direct (a posteriori),20.27027027027027
Fibrinogen,5,172,Manufacturer,12.209302325581394
Fibrinogen,5,172,refineR,14.534883720930234
Fibrinogen,5,172,Continuous (GAMLSS),13.953488372093023
Fibrinogen,5,172,Guven et al.,NA
Fibrinogen,5,172,Direct (a posteriori),18.6046511627907
Fibrinogen,6,171,Manufacturer,11.695906432748536
Fibrinogen,6,171,refineR,15.789473684210526
Fibrinogen,6,171,Continuous (GAMLSS),16.374269005847953
Fibrinogen,6,171,Guven et al.,NA
Fibrinogen,6,171,Direct (a posteriori),18.128654970760234
Fibrinogen,7,165,Manufacturer,13.939393939393941
Fibrinogen,7,165,refineR,20
Fibrinogen,7,165,Continuous (GAMLSS),19.393939393939394
Fibrinogen,7,165,Guven et al.,NA
Fibrinogen,7,165,Direct (a posteriori),18.181818181818183
Fibrinogen,8,155,Manufacturer,14.838709677419354
Fibrinogen,8,155,refineR,15.483870967741936
Fibrinogen,8,155,Continuous (GAMLSS),17.419354838709676
Fibrinogen,8,155,Guven et al.,NA
Fibrinogen,8,155,Direct (a posteriori),18.70967741935484
Fibrinogen,9,148,Manufacturer,13.513513513513514
Fibrinogen,9,148,refineR,18.91891891891892
Fibrinogen,9,148,Continuous (GAMLSS),18.243243243243242
Fibrinogen,9,148,Guven et al.,NA
Fibrinogen,9,148,Direct (a posteriori),20.945945945945947
Fibrinogen,10,164,Manufacturer,14.634146341463413
Fibrinogen,10,164,refineR,21.341463414634145
Fibrinogen,10,164,Continuous (GAMLSS),20.121951219512198
Fibrinogen,10,164,Guven et al.,NA
Fibrinogen,10,164,Direct (a posteriori),20.73170731707317
Fibrinogen,11,137,Manufacturer,8.75912408759124
Fibrinogen,11,137,refineR,15.328467153284672
Fibrinogen,11,137,Continuous (GAMLSS),14.5985401459854
Fibrinogen,11,137,Guven et al.,NA
Fibrinogen,11,137,Direct (a posteriori),15.328467153284672
Fibrinogen,12,146,Manufacturer,16.43835616438356
Fibrinogen,12,146,refineR,21.91780821917808
Fibrinogen,12,146,Continuous (GAMLSS),20.54794520547945
Fibrinogen,12,146,Guven et al.,NA
Fibrinogen,12,146,Direct (a posteriori),21.232876712328768
Fibrinogen,13,166,Manufacturer,12.650602409638553
Fibrinogen,13,166,refineR,19.879518072289155
Fibrinogen,13,166,Continuous (GAMLSS),18.67469879518072
Fibrinogen,13,166,Guven et al.,NA
Fibrinogen,13,166,Direct (a posteriori),19.27710843373494
Fibrinogen,14,188,Manufacturer,17.02127659574468
Fibrinogen,14,188,refineR,21.27659574468085
Fibrinogen,14,188,Continuous (GAMLSS),21.808510638297875
Fibrinogen,14,188,Guven et al.,NA
Fibrinogen,14,188,Direct (a posteriori),22.872340425531913
Fibrinogen,15,240,Manufacturer,15.833333333333332
Fibrinogen,15,240,refineR,22.083333333333332
Fibrinogen,15,240,Continuous (GAMLSS),22.5
Fibrinogen,15,240,Guven et al.,NA
Fibrinogen,15,240,Direct (a posteriori),22.916666666666664
Fibrinogen,16,278,Manufacturer,17.985611510791365
Fibrinogen,16,278,refineR,23.021582733812952
Fibrinogen,16,278,Continuous (GAMLSS),24.46043165467626
Fibrinogen,16,278,Guven et al.,NA
Fibrinogen,16,278,Direct (a posteriori),25.179856115107913
Fibrinogen,17,375,Manufacturer,21.333333333333336
Fibrinogen,17,375,refineR,29.599999999999998
Fibrinogen,17,375,Continuous (GAMLSS),32
Fibrinogen,17,375,Guven et al.,NA
Fibrinogen,17,375,Direct (a posteriori),28.799999999999997
PT,1,1155,Manufacturer,17.74891774891775
PT,1,1155,refineR,15.584415584415584
PT,1,1155,Continuous (GAMLSS),15.757575757575756
PT,1,1155,Guven et al.,22.770562770562773
PT,1,1155,Direct (a posteriori),12.294372294372295
PT,2,880,Manufacturer,18.181818181818183
PT,2,880,refineR,15.795454545454547
PT,2,880,Continuous (GAMLSS),15.568181818181817
PT,2,880,Guven et al.,30.113636363636363
PT,2,880,Direct (a posteriori),12.386363636363637
PT,3,750,Manufacturer,17.066666666666666
PT,3,750,refineR,14.666666666666666
PT,3,750,Continuous (GAMLSS),13.866666666666665
PT,3,750,Guven et al.,30.933333333333334
PT,3,750,Direct (a posteriori),11.866666666666667
PT,4,825,Manufacturer,15.272727272727273
PT,4,825,refineR,11.878787878787879
PT,4,825,Continuous (GAMLSS),11.636363636363637
PT,4,825,Guven et al.,31.393939393939398
PT,4,825,Direct (a posteriori),8.727272727272728
PT,5,978,Manufacturer,15.746421267893659
PT,5,978,refineR,12.167689161554192
PT,5,978,Continuous (GAMLSS),12.269938650306749
PT,5,978,Guven et al.,30.777096114519427
PT,5,978,Direct (a posteriori),9.202453987730062
PT,6,1038,Manufacturer,16.184971098265898
PT,6,1038,refineR,11.753371868978805
PT,6,1038,Continuous (GAMLSS),10.982658959537572
PT,6,1038,Guven et al.,30.732177263969174
PT,6,1038,Direct (a posteriori),8.959537572254336
PT,7,1026,Manufacturer,16.764132553606238
PT,7,1026,refineR,14.327485380116958
PT,7,1026,Continuous (GAMLSS),13.64522417153996
PT,7,1026,Guven et al.,27.680311890838205
PT,7,1026,Direct (a posteriori),9.551656920077972
PT,8,942,Manufacturer,14.225053078556263
PT,8,942,refineR,11.464968152866243
PT,8,942,Continuous (GAMLSS),11.252653927813164
PT,8,942,Guven et al.,22.717622080679405
PT,8,942,Direct (a posteriori),8.70488322717622
PT,9,881,Manufacturer,18.047673098751417
PT,9,881,refineR,12.826333711691259
PT,9,881,Continuous (GAMLSS),11.91827468785471
PT,9,881,Guven et al.,31.441543700340524
PT,9,881,Direct (a posteriori),9.875141884222474
PT,10,841,Manufacturer,14.982164090368608
PT,10,841,refineR,11.058263971462544
PT,10,841,Continuous (GAMLSS),10.70154577883472
PT,10,841,Guven et al.,30.202140309155766
PT,10,841,Direct (a posteriori),8.204518430439952
PT,11,775,Manufacturer,14.32258064516129
PT,11,775,refineR,10.064516129032258
PT,11,775,Continuous (GAMLSS),9.290322580645162
PT,11,775,Guven et al.,32.645161290322584
PT,11,775,Direct (a posteriori),7.483870967741936
PT,12,793,Manufacturer,17.78058007566204
PT,12,793,refineR,11.727616645649434
PT,12,793,Continuous (GAMLSS),10.718789407313997
PT,12,793,Guven et al.,39.09205548549811
PT,12,793,Direct (a posteriori),7.6923076923076925
PT,13,901,Manufacturer,17.980022197558267
PT,13,901,refineR,12.763596004439512
PT,13,901,Continuous (GAMLSS),11.098779134295228
PT,13,901,Guven et al.,40.066592674805776
PT,13,901,Direct (a posteriori),8.76803551609323
PT,14,964,Manufacturer,18.983402489626556
PT,14,964,refineR,14.522821576763487
PT,14,964,Continuous (GAMLSS),14.419087136929459
PT,14,964,Guven et al.,37.136929460580916
PT,14,964,Direct (a posteriori),11.20331950207469
PT,15,1227,Manufacturer,19.315403422982886
PT,15,1227,refineR,15.158924205378973
PT,15,1227,Continuous (GAMLSS),13.121434392828036
PT,15,1227,Guven et al.,31.784841075794624
PT,15,1227,Direct (a posteriori),11.083944580277098
PT,16,1395,Manufacturer,20.86021505376344
PT,16,1395,refineR,16.415770609318997
PT,16,1395,Continuous (GAMLSS),14.910394265232977
PT,16,1395,Guven et al.,27.741935483870968
PT,16,1395,Direct (a posteriori),11.899641577060931
PT,17,1629,Manufacturer,18.661755678330262
PT,17,1629,refineR,15.039901780233272
PT,17,1629,Continuous (GAMLSS),14.671577655003068
PT,17,1629,Guven et al.,20.073664825046038
PT,17,1629,Direct (a posteriori),10.988336402701043
aPTT,1,1172,Manufacturer,39.76109215017065
aPTT,1,1172,refineR,16.808873720136518
aPTT,1,1172,Continuous (GAMLSS),12.457337883959044
aPTT,1,1172,Guven et al.,19.7098976109215
aPTT,1,1172,Direct (a posteriori),11.006825938566553
aPTT,2,888,Manufacturer,37.5
aPTT,2,888,refineR,17.22972972972973
aPTT,2,888,Continuous (GAMLSS),13.175675675675674
aPTT,2,888,Guven et al.,19.594594594594593
aPTT,2,888,Direct (a posteriori),11.26126126126126
aPTT,3,742,Manufacturer,35.04043126684636
aPTT,3,742,refineR,12.129380053908356
aPTT,3,742,Continuous (GAMLSS),9.164420485175203
aPTT,3,742,Guven et al.,12.93800539083558
aPTT,3,742,Direct (a posteriori),7.008086253369273
aPTT,4,821,Manufacturer,33.37393422655298
aPTT,4,821,refineR,10.962241169305726
aPTT,4,821,Continuous (GAMLSS),9.500609013398295
aPTT,4,821,Guven et al.,12.423873325213155
aPTT,4,821,Direct (a posteriori),6.455542021924482
aPTT,5,971,Manufacturer,36.56024716786818
aPTT,5,971,refineR,11.225540679711637
aPTT,5,971,Continuous (GAMLSS),10.401647785787848
aPTT,5,971,Guven et al.,12.461380020597321
aPTT,5,971,Direct (a posteriori),6.6941297631307934
aPTT,6,1018,Manufacturer,39.587426326129666
aPTT,6,1018,refineR,11.100196463654225
aPTT,6,1018,Continuous (GAMLSS),10.510805500982318
aPTT,6,1018,Guven et al.,12.671905697445974
aPTT,6,1018,Direct (a posteriori),6.8762278978389
aPTT,7,1033,Manufacturer,36.30203291384318
aPTT,7,1033,refineR,11.423039690222653
aPTT,7,1033,Continuous (GAMLSS),11.519845111326234
aPTT,7,1033,Guven et al.,14.52081316553727
aPTT,7,1033,Direct (a posteriori),7.357212003872217
aPTT,8,937,Manufacturer,36.926360725720386
aPTT,8,937,refineR,10.138740661686233
aPTT,8,937,Continuous (GAMLSS),10.779082177161152
aPTT,8,937,Guven et al.,14.727854855923159
aPTT,8,937,Direct (a posteriori),6.08324439701174
aPTT,9,885,Manufacturer,37.175141242937855
aPTT,9,885,refineR,12.768361581920903
aPTT,9,885,Continuous (GAMLSS),12.88135593220339
aPTT,9,885,Guven et al.,14.576271186440678
aPTT,9,885,Direct (a posteriori),7.909604519774012
aPTT,10,843,Manufacturer,32.62158956109134
aPTT,10,843,refineR,10.55753262158956
aPTT,10,843,Continuous (GAMLSS),10.320284697508896
aPTT,10,843,Guven et al.,12.69276393831554
aPTT,10,843,Direct (a posteriori),5.338078291814947
aPTT,11,781,Manufacturer,33.162612035851474
aPTT,11,781,refineR,10.243277848911651
aPTT,11,781,Continuous (GAMLSS),9.859154929577464
aPTT,11,781,Guven et al.,12.03585147247119
aPTT,11,781,Direct (a posteriori),5.249679897567221
aPTT,12,789,Manufacturer,31.1787072243346
aPTT,12,789,refineR,10.899873257287707
aPTT,12,789,Continuous (GAMLSS),10.26615969581749
aPTT,12,789,Guven et al.,13.307984790874524
aPTT,12,789,Direct (a posteriori),13.054499366286437
aPTT,13,885,Manufacturer,28.8135593220339
aPTT,13,885,refineR,10.282485875706215
aPTT,13,885,Continuous (GAMLSS),10.847457627118644
aPTT,13,885,Guven et al.,13.67231638418079
aPTT,13,885,Direct (a posteriori),12.768361581920903
aPTT,14,963,Manufacturer,28.971962616822427
aPTT,14,963,refineR,11.838006230529595
aPTT,14,963,Continuous (GAMLSS),12.357217030114226
aPTT,14,963,Guven et al.,16.510903426791277
aPTT,14,963,Direct (a posteriori),13.811007268951196
aPTT,15,1194,Manufacturer,24.455611390284755
aPTT,15,1194,refineR,9.128978224455611
aPTT,15,1194,Continuous (GAMLSS),8.961474036850921
aPTT,15,1194,Guven et al.,15.326633165829145
aPTT,15,1194,Direct (a posteriori),10.804020100502512
aPTT,16,1393,Manufacturer,24.838478104809763
aPTT,16,1393,refineR,10.050251256281408
aPTT,16,1393,Continuous (GAMLSS),9.691313711414214
aPTT,16,1393,Guven et al.,18.090452261306535
aPTT,16,1393,Direct (a posteriori),11.916726489590811
aPTT,17,1686,Manufacturer,23.902728351126928
aPTT,17,1686,refineR,9.727164887307236
aPTT,17,1686,Continuous (GAMLSS),9.905100830367735
aPTT,17,1686,Guven et al.,19.632265717674972
aPTT,17,1686,Direct (a posteriori),11.269276393831554
